11012202,ABHINAV ANAND,abhinav.anand
11012203,ABHISHEK JAIN,jain.abhishek
11012206,ARVINDH SEKAR,arvindh
11012209,AZEEM KHAN,azeem
11012213,BHAVESH KASANA,b.kasana
11012221,MOHIT GOPLANI,m.goplani
11012232,SIDDHARTH SUBRAMANI,s.subramani
11012233,SINGH KANISHKA OMPRAKASH,s.omprakash
11012235,SUNIL KUMAR,sunilkumar
11012239,VINAY KUMAR,vinaykumar
