144102051,JOSHI VIVEK VARDHAN,j.vardhan
144102052,KUMAR GOVINDAM,kumar.govindam
144102056,PRAMIT NANDI,pramit
144102057,DEEPANKAR KUMAR,deepankar
144102060,MALOTH RAMESH,r.maloth
144102064,KUMAR ABHINAV,kumar.abhinav
144102065,RAMYANI CHAKRABARTY,ramyani
144102066,AFREEN ISLAM,afreen
144102071,RAJDIP DEY,dip.d
146102026,TAKO NAMA,tako.nama
146102027,KIROS DEBRETSION HAILU,kiros.hailu
