120104002,ABHISHEK ARORA,abhishek.arora
120106001,ABHAY SHARMA,abhay.sharma
120106029,PRATEEK HEMANI,prateek.hemani
120107003,ADITYA RATNA,a.ratna
120107008,ANUPAM MISHRA,anupam.mishra
120107021,GUPTA VIKASKUMAR HARIPRASAD,h.gupta
120107026,KAILASH BHAKAL,k.bhakal
120121038,SUDHIR YADAV,sudhir.yadav
